{
  "AllowExperienceBarToFadeOut": true,
  "ShowExperienceBar": true,
  "ShowExperienceGain": true,
  "ShowLevelUpAnimation": true,
  "ShowHeartFills": true,
  "ShowExtraItemInformation": true,
  "ShowLocationOfTownsPeople": true,
  "ShowLuckIcon": true,
  "ShowTravelingMerchant": true,
  "ShowRainyDay": true,
  "ShowCropAndBarrelTooltip": true,
  "ShowBirthdayIcon": true,
  "ShowAnimalsNeedPets": true,
  "HideAnimalPetOnMaxFriendship": true,
  "ShowItemEffectRanges": true,
  "ButtonControlShow": false,
  "ShowBombRange": true,
  "ShowItemsRequiredForBundles": true,
  "ShowHarvestPricesInShop": true,
  "DisplayCalendarAndBillboard": true,
  "ShowWhenNewRecipesAreAvailable": true,
  "ShowToolUpgradeStatus": true,
  "HideMerchantWhenVisited": true,
  "ShowExactValue": true,
  "ShowRobinBuildingStatusIcon": true,
  "ShowSeasonalBerry": true,
  "ShowSeasonalBerryHazelnut": true,
  "ShowTodaysGifts": true,
  "HideBirthdayIfFullFriendShip": true,
  "ShowLocationOfFriends": {}
}